thing,when
study GIS,during
apply for National Credit Union Admin as Data Scientist,after
visit Pyongyang,after
see if USPS is still hiring,after
see if LADWP is still hiring,after
take DJing classes,during
study actuarial exams,during
catch up with Ashwin Rajesh,after
Go to Dimicki's graduation,after
Ask Dimicki or Dimicki's uncle for a job,after
ask Dimicki or Dimicki's uncle for a job,after
https://www.calcareers.ca.gov/JOBSGEN/8PB37.PDF,during
https://www.calcareers.ca.gov/JOBSGEN/8PB38.PDF,during
https://www.calcareers.ca.gov/JOBSGEN/0PBDB.PDF,during
https://www.calcareers.ca.gov/JOBSGEN/1ARAA.PDF,during
apply for the ACTUARY positions with exam 2PBCV,after
